id;query;logical_query;ratio_executed_to_possible_executions;len;time_forced;time_non_forced
b3083a8447a8130a6c6d7b80cda086d9628225a66e2cd9ce8f6dd0b947fa0bdb;SELECT count(*) FROM customer as cus JOIN [order] as ord ON ord.customer_id = cus.id JOIN deliverer as del ON del.id = ord.deliverer_id JOIN discount as dis ON dis.id = ord.discount_id;('customer', 'deliverer', 'discount', 'order');1.0;4;0.4483153820037842;0.17786669731140137
32cd5ed7ecf768263a84b6c8a50aca2e64a0bff3c4773ffe02c1daaac761ce2b;SELECT count(*) FROM customer as cus JOIN [order] as ord ON ord.customer_id = cus.id JOIN discount as dis ON dis.id = ord.discount_id JOIN deliverer as del ON del.id = ord.deliverer_id;('customer', 'deliverer', 'discount', 'order');1.0;4;0.33779239654541016;0.15937137603759766
016ef3cc78143dd2960228f21b7357f008a6e3b0609f041c05c0009d81c59c24;SELECT count(*) FROM deliverer as del JOIN [order] as ord ON ord.deliverer_id = del.id JOIN customer as cus ON cus.id = ord.customer_id JOIN discount as dis ON dis.id = ord.discount_id;('customer', 'deliverer', 'discount', 'order');1.0;4;0.22638893127441406;0.16943860054016113
41fbd4e4e1b915a579621a86c26aacbb65fe0913cf0a612fc07df86c9635b34c;SELECT count(*) FROM deliverer as del JOIN [order] as ord ON ord.deliverer_id = del.id JOIN discount as dis ON dis.id = ord.discount_id JOIN customer as cus ON cus.id = ord.customer_id;('customer', 'deliverer', 'discount', 'order');1.0;4;0.31722521781921387;0.16201186180114746
49a40b52767d95b052557a4ab23a40a25e906da2a8fc5cfd739f3c81a3ba4893;SELECT count(*) FROM discount as dis JOIN [order] as ord ON ord.discount_id = dis.id JOIN customer as cus ON cus.id = ord.customer_id JOIN deliverer as del ON del.id = ord.deliverer_id;('customer', 'deliverer', 'discount', 'order');1.0;4;0.22378015518188477;0.15834426879882812
f97a97eec932774f9bdd3265744634fb56c5d180e6284dd81ec6b876ad4f9df4;SELECT count(*) FROM discount as dis JOIN [order] as ord ON ord.discount_id = dis.id JOIN deliverer as del ON del.id = ord.deliverer_id JOIN customer as cus ON cus.id = ord.customer_id;('customer', 'deliverer', 'discount', 'order');1.0;4;0.30951833724975586;0.15644168853759766
793dba62182505ca3f39f9b6d27cb83da1df7969ca2d33558e7f445021398498;SELECT count(*) FROM [order] as ord JOIN customer as cus ON cus.id = ord.customer_id JOIN deliverer as del ON del.id = ord.deliverer_id JOIN discount as dis ON dis.id = ord.discount_id;('customer', 'deliverer', 'discount', 'order');1.0;4;0.3679640293121338;0.18653583526611328
934ba44e6db7f50c3c6cc9af8127987aed2b00f8a251443b3c1a757d4cb06b6b;SELECT count(*) FROM [order] as ord JOIN customer as cus ON cus.id = ord.customer_id JOIN discount as dis ON dis.id = ord.discount_id JOIN deliverer as del ON del.id = ord.deliverer_id;('customer', 'deliverer', 'discount', 'order');1.0;4;0.37441396713256836;0.14992833137512207
23231f1ad8123515b23c3e0ef7cc6309a8fca3803c42f2ee4a4e78b529af7e67;SELECT count(*) FROM [order] as ord JOIN deliverer as del ON del.id = ord.deliverer_id JOIN customer as cus ON cus.id = ord.customer_id JOIN discount as dis ON dis.id = ord.discount_id;('customer', 'deliverer', 'discount', 'order');1.0;4;0.39023303985595703;0.15661263465881348
62f163c6eb295aaaf556c2afaa295e7364dfccf260878f18173924d9dded0da5;SELECT count(*) FROM [order] as ord JOIN deliverer as del ON del.id = ord.deliverer_id JOIN discount as dis ON dis.id = ord.discount_id JOIN customer as cus ON cus.id = ord.customer_id;('customer', 'deliverer', 'discount', 'order');1.0;4;0.4373645782470703;0.1560962200164795
5a3e5b738a63934766096f4e2e3d11a3e496233075f29bea613ca677a29b0ecf;SELECT count(*) FROM [order] as ord JOIN discount as dis ON dis.id = ord.discount_id JOIN customer as cus ON cus.id = ord.customer_id JOIN deliverer as del ON del.id = ord.deliverer_id;('customer', 'deliverer', 'discount', 'order');1.0;4;0.4219174385070801;0.14090800285339355
b21e530c98345cb3be793a41be4ba5ffef749112ca3c0cdcbe1d7234c62f909c;SELECT count(*) FROM [order] as ord JOIN discount as dis ON dis.id = ord.discount_id JOIN deliverer as del ON del.id = ord.deliverer_id JOIN customer as cus ON cus.id = ord.customer_id;('customer', 'deliverer', 'discount', 'order');1.0;4;0.4987363815307617;0.15453290939331055
fa061991b25dba2d8aa9ae1d78a457d89f8cb3e56ff12358ca00a3508ffc4fd6;SELECT count(*) FROM category as cat JOIN subcategory as sub ON sub.category_id = cat.id JOIN product as prod ON prod.subcategory_id = sub.id JOIN order_details as ord_det ON ord_det.product_id = prod.id JOIN [order] as ord ON ord.id = ord_det.order_id;('category', 'order', 'order_details', 'product', 'subcategory');1.0;5;0.47429418563842773;0.35265016555786133
6d08d7356057cc3d0d44fdadd11873270154da02e4fadac29855443835057136;SELECT count(*) FROM [order] as ord JOIN order_details as ord_det ON ord_det.order_id = ord.id JOIN product as prod ON prod.id = ord_det.product_id JOIN subcategory as sub ON sub.id = prod.subcategory_id JOIN category as cat ON cat.id = sub.category_id;('category', 'order', 'order_details', 'product', 'subcategory');1.0;5;0.6403787136077881;0.3597261905670166
6ff2afb4b358145ea850c2f5d59b800de9bf465101f21acc7c279489f05118d1;SELECT count(*) FROM order_details as ord_det JOIN [order] as ord ON ord.id = ord_det.order_id JOIN product as prod ON prod.id = ord_det.product_id JOIN subcategory as sub ON sub.id = prod.subcategory_id JOIN category as cat ON cat.id = sub.category_id;('category', 'order', 'order_details', 'product', 'subcategory');1.0;5;0.764385461807251;0.35947418212890625
26b5edc19e5bd9454c9bdd2751efa18c70da34307a61a6c020b8c9c18cd7ba6e;SELECT count(*) FROM order_details as ord_det JOIN product as prod ON prod.id = ord_det.product_id JOIN [order] as ord ON ord.id = ord_det.order_id JOIN subcategory as sub ON sub.id = prod.subcategory_id JOIN category as cat ON cat.id = sub.category_id;('category', 'order', 'order_details', 'product', 'subcategory');1.0;5;0.8123202323913574;0.35962462425231934
fc8c7a0178f860f26885eafa3ea640703694f77412f00bfb6ef526a81283ba77;SELECT count(*) FROM order_details as ord_det JOIN product as prod ON prod.id = ord_det.product_id JOIN subcategory as sub ON sub.id = prod.subcategory_id JOIN category as cat ON cat.id = sub.category_id JOIN [order] as ord ON ord.id = ord_det.order_id;('category', 'order', 'order_details', 'product', 'subcategory');1.0;5;0.8438754081726074;0.35410284996032715
6d4a6442a594aa74c6fae4b61927e579f7b18145a4bdbaaa60a25b8fbb2f346c;SELECT count(*) FROM order_details as ord_det JOIN product as prod ON prod.id = ord_det.product_id JOIN subcategory as sub ON sub.id = prod.subcategory_id JOIN [order] as ord ON ord.id = ord_det.order_id JOIN category as cat ON cat.id = sub.category_id;('category', 'order', 'order_details', 'product', 'subcategory');1.0;5;0.7967805862426758;0.37488746643066406
2da10c4ffb44dc5405d638e7aecf3a91eb36eeff75581eb57933c19622646b89;SELECT count(*) FROM product as prod JOIN order_details as ord_det ON ord_det.product_id = prod.id JOIN [order] as ord ON ord.id = ord_det.order_id JOIN subcategory as sub ON sub.id = prod.subcategory_id JOIN category as cat ON cat.id = sub.category_id;('category', 'order', 'order_details', 'product', 'subcategory');1.0;5;0.6405434608459473;0.3281898498535156
5c9d73299574da8e0b3e6d5442aa0066cb3dabf6edb879d5ddc8f466c424c3a7;SELECT count(*) FROM product as prod JOIN order_details as ord_det ON ord_det.product_id = prod.id JOIN subcategory as sub ON sub.id = prod.subcategory_id JOIN category as cat ON cat.id = sub.category_id JOIN [order] as ord ON ord.id = ord_det.order_id;('category', 'order', 'order_details', 'product', 'subcategory');1.0;5;0.7188971042633057;0.32792043685913086
94498afb05afb3f3a867f36cd44621f696466a3c41b79e420472b502d29eb656;SELECT count(*) FROM product as prod JOIN order_details as ord_det ON ord_det.product_id = prod.id JOIN subcategory as sub ON sub.id = prod.subcategory_id JOIN [order] as ord ON ord.id = ord_det.order_id JOIN category as cat ON cat.id = sub.category_id;('category', 'order', 'order_details', 'product', 'subcategory');1.0;5;0.6877110004425049;0.32823967933654785
65b0e45e32c632446b7b8d4b390e71b806ebf090b05643d92cb317b1263518f1;SELECT count(*) FROM product as prod JOIN subcategory as sub ON sub.id = prod.subcategory_id JOIN category as cat ON cat.id = sub.category_id JOIN order_details as ord_det ON ord_det.product_id = prod.id JOIN [order] as ord ON ord.id = ord_det.order_id;('category', 'order', 'order_details', 'product', 'subcategory');1.0;5;0.4062612056732178;0.32778310775756836
560858302bc12fbe80056b7a7e16fedd7ddfcbedca3a95c961e4783e1f168ed2;SELECT count(*) FROM product as prod JOIN subcategory as sub ON sub.id = prod.subcategory_id JOIN order_details as ord_det ON ord_det.product_id = prod.id JOIN category as cat ON cat.id = sub.category_id JOIN [order] as ord ON ord.id = ord_det.order_id;('category', 'order', 'order_details', 'product', 'subcategory');1.0;5;0.5780644416809082;0.35967397689819336
ffe34b847416efe674471883f13d831df0a773a3bbf7e57a69b4f6acf1da7343;SELECT count(*) FROM product as prod JOIN subcategory as sub ON sub.id = prod.subcategory_id JOIN order_details as ord_det ON ord_det.product_id = prod.id JOIN [order] as ord ON ord.id = ord_det.order_id JOIN category as cat ON cat.id = sub.category_id;('category', 'order', 'order_details', 'product', 'subcategory');1.0;5;0.5468919277191162;0.32779955863952637
e440e0cfc00a5feadcf77533fa95b3afe4b2d3ae971f944c8d1da6b3b17a1edd;SELECT count(*) FROM subcategory as sub JOIN category as cat ON cat.id = sub.category_id JOIN product as prod ON prod.subcategory_id = sub.id JOIN order_details as ord_det ON ord_det.product_id = prod.id JOIN [order] as ord ON ord.id = ord_det.order_id;('category', 'order', 'order_details', 'product', 'subcategory');1.0;5;0.3749396800994873;0.35941600799560547
3688d12c9ee38b06c54c92c0c0d27fa3cd62e31bad86844524d9704dcf05e6ed;SELECT count(*) FROM subcategory as sub JOIN product as prod ON prod.subcategory_id = sub.id JOIN category as cat ON cat.id = sub.category_id JOIN order_details as ord_det ON ord_det.product_id = prod.id JOIN [order] as ord ON ord.id = ord_det.order_id;('category', 'order', 'order_details', 'product', 'subcategory');1.0;5;0.37546849250793457;0.3279533386230469
f511ecc0b442ae1157fc3e2a0c8e4eae310341e3a68bdcfbd2d62551d5ae7e5b;SELECT count(*) FROM subcategory as sub JOIN product as prod ON prod.subcategory_id = sub.id JOIN order_details as ord_det ON ord_det.product_id = prod.id JOIN category as cat ON cat.id = sub.category_id JOIN [order] as ord ON ord.id = ord_det.order_id;('category', 'order', 'order_details', 'product', 'subcategory');1.0;5;0.5468418598175049;0.3435556888580322
13c063bfff2017e2e67d180d0e81fc2f731405427afc6ff782b82eb4fcf5c6f3;SELECT count(*) FROM subcategory as sub JOIN product as prod ON prod.subcategory_id = sub.id JOIN order_details as ord_det ON ord_det.product_id = prod.id JOIN [order] as ord ON ord.id = ord_det.order_id JOIN category as cat ON cat.id = sub.category_id;('category', 'order', 'order_details', 'product', 'subcategory');1.0;5;0.5470855236053467;0.3280348777770996
2ac87a3d6529730963d708785f3b8f249fd10709e7df84e05bc3bb7395986ac5;SELECT count(*) FROM category as cat JOIN subcategory as sub ON sub.category_id = cat.id JOIN product as prod ON prod.subcategory_id = sub.id JOIN order_details as ord_det ON ord_det.product_id = prod.id JOIN [order] as ord ON ord.id = ord_det.order_id JOIN discount as dis ON dis.id = ord.discount_id;('category', 'discount', 'order', 'order_details', 'product', 'subcategory');1.0;6;0.5628559589385986;0.29642271995544434
0a44fe99358056681ee3d3f53125a95e438ed01384e3ad53e36e1c3389fc7e35;SELECT count(*) FROM discount as dis JOIN [order] as ord ON ord.discount_id = dis.id JOIN order_details as ord_det ON ord_det.order_id = ord.id JOIN product as prod ON prod.id = ord_det.product_id JOIN subcategory as sub ON sub.id = prod.subcategory_id JOIN category as cat ON cat.id = sub.category_id;('category', 'discount', 'order', 'order_details', 'product', 'subcategory');1.0;6;0.578099250793457;0.297137975692749
f8402406954c237d4a9fee06d0e03081577bebff3f4e82bbb0764fe1a0d7487b;SELECT count(*) FROM [order] as ord JOIN discount as dis ON dis.id = ord.discount_id JOIN order_details as ord_det ON ord_det.order_id = ord.id JOIN product as prod ON prod.id = ord_det.product_id JOIN subcategory as sub ON sub.id = prod.subcategory_id JOIN category as cat ON cat.id = sub.category_id;('category', 'discount', 'order', 'order_details', 'product', 'subcategory');1.0;6;0.7186238765716553;0.2968440055847168
171be08c8ecc9ea3b3e9f339c16eb75d9c9a668a4d8c2cadec3cfd039ca7f2a6;SELECT count(*) FROM [order] as ord JOIN order_details as ord_det ON ord_det.order_id = ord.id JOIN discount as dis ON dis.id = ord.discount_id JOIN product as prod ON prod.id = ord_det.product_id JOIN subcategory as sub ON sub.id = prod.subcategory_id JOIN category as cat ON cat.id = sub.category_id;('category', 'discount', 'order', 'order_details', 'product', 'subcategory');1.0;6;0.9688987731933594;0.29654645919799805
520d3d0af30f244121d855df4bfa47de6fc3d83beada5047d1e9560f3c152272;SELECT count(*) FROM [order] as ord JOIN order_details as ord_det ON ord_det.order_id = ord.id JOIN product as prod ON prod.id = ord_det.product_id JOIN discount as dis ON dis.id = ord.discount_id JOIN subcategory as sub ON sub.id = prod.subcategory_id JOIN category as cat ON cat.id = sub.category_id;('category', 'discount', 'order', 'order_details', 'product', 'subcategory');1.0;6;0.9690127372741699;0.3124709129333496
a9dcb9929e97758d270ffad24424c0eeefec684d8626dfe2c67fe2ad3fc39e96;SELECT count(*) FROM [order] as ord JOIN order_details as ord_det ON ord_det.order_id = ord.id JOIN product as prod ON prod.id = ord_det.product_id JOIN subcategory as sub ON sub.id = prod.subcategory_id JOIN category as cat ON cat.id = sub.category_id JOIN discount as dis ON dis.id = ord.discount_id;('category', 'discount', 'order', 'order_details', 'product', 'subcategory');1.0;6;0.9060540199279785;0.3284287452697754
0ce399263f2c1f2d7d500244a95e72395d92f262c126d41c5884f1e010d29fae;SELECT count(*) FROM [order] as ord JOIN order_details as ord_det ON ord_det.order_id = ord.id JOIN product as prod ON prod.id = ord_det.product_id JOIN subcategory as sub ON sub.id = prod.subcategory_id JOIN discount as dis ON dis.id = ord.discount_id JOIN category as cat ON cat.id = sub.category_id;('category', 'discount', 'order', 'order_details', 'product', 'subcategory');1.0;6;0.9685440063476562;0.29694485664367676
9eeea799bd7be8434916b02f3575c1d81b5558c0cc408046d8aafc8b2091be7e;SELECT count(*) FROM order_details as ord_det JOIN [order] as ord ON ord.id = ord_det.order_id JOIN discount as dis ON dis.id = ord.discount_id JOIN product as prod ON prod.id = ord_det.product_id JOIN subcategory as sub ON sub.id = prod.subcategory_id JOIN category as cat ON cat.id = sub.category_id;('category', 'discount', 'order', 'order_details', 'product', 'subcategory');1.0;6;1.1876113414764404;0.3280363082885742
19a2aa9ba881766bcb9ff73f36dfb907b0352e46e9afa7420fd5ebb2e48bc35a;SELECT count(*) FROM order_details as ord_det JOIN [order] as ord ON ord.id = ord_det.order_id JOIN product as prod ON prod.id = ord_det.product_id JOIN discount as dis ON dis.id = ord.discount_id JOIN subcategory as sub ON sub.id = prod.subcategory_id JOIN category as cat ON cat.id = sub.category_id;('category', 'discount', 'order', 'order_details', 'product', 'subcategory');1.0;6;1.1091504096984863;0.3126654624938965
c1d7424780b3dee5146ef2c69841299ee93ae07c6a9e20f2eaf3671eebb1a641;SELECT count(*) FROM order_details as ord_det JOIN [order] as ord ON ord.id = ord_det.order_id JOIN product as prod ON prod.id = ord_det.product_id JOIN subcategory as sub ON sub.id = prod.subcategory_id JOIN category as cat ON cat.id = sub.category_id JOIN discount as dis ON dis.id = ord.discount_id;('category', 'discount', 'order', 'order_details', 'product', 'subcategory');1.0;6;0.9217302799224854;0.3439176082611084
7a69504752ec20ca89cfb7a46708f363971d43d3cd69ef58518d071c25f134ff;SELECT count(*) FROM order_details as ord_det JOIN [order] as ord ON ord.id = ord_det.order_id JOIN product as prod ON prod.id = ord_det.product_id JOIN subcategory as sub ON sub.id = prod.subcategory_id JOIN discount as dis ON dis.id = ord.discount_id JOIN category as cat ON cat.id = sub.category_id;('category', 'discount', 'order', 'order_details', 'product', 'subcategory');1.0;6;1.0154130458831787;0.29691076278686523
c16b0389b548a72d40a5e341502baac85312d9cfd0f56b0b7d30338c9aa22286;SELECT count(*) FROM order_details as ord_det JOIN product as prod ON prod.id = ord_det.product_id JOIN [order] as ord ON ord.id = ord_det.order_id JOIN discount as dis ON dis.id = ord.discount_id JOIN subcategory as sub ON sub.id = prod.subcategory_id JOIN category as cat ON cat.id = sub.category_id;('category', 'discount', 'order', 'order_details', 'product', 'subcategory');1.0;6;1.1249923706054688;0.31255650520324707
ad7e837735f40aac6d8bf7ed1a559cd87cd6d2b6d498471e5084d2b409d9bea2;SELECT count(*) FROM order_details as ord_det JOIN product as prod ON prod.id = ord_det.product_id JOIN [order] as ord ON ord.id = ord_det.order_id JOIN subcategory as sub ON sub.id = prod.subcategory_id JOIN category as cat ON cat.id = sub.category_id JOIN discount as dis ON dis.id = ord.discount_id;('category', 'discount', 'order', 'order_details', 'product', 'subcategory');1.0;6;0.9687666893005371;0.29689812660217285
8d15e87aa777e199b545fbaa636a35ae8665c74bd9f1c603dbd0c7a397aa0caa;SELECT count(*) FROM order_details as ord_det JOIN product as prod ON prod.id = ord_det.product_id JOIN [order] as ord ON ord.id = ord_det.order_id JOIN subcategory as sub ON sub.id = prod.subcategory_id JOIN discount as dis ON dis.id = ord.discount_id JOIN category as cat ON cat.id = sub.category_id;('category', 'discount', 'order', 'order_details', 'product', 'subcategory');1.0;6;1.1562962532043457;0.3125152587890625
2c70214ad7eed56fa7f96bb93408f5929fa5165bb927af204820fb57596d44af;SELECT count(*) FROM order_details as ord_det JOIN product as prod ON prod.id = ord_det.product_id JOIN subcategory as sub ON sub.id = prod.subcategory_id JOIN category as cat ON cat.id = sub.category_id JOIN [order] as ord ON ord.id = ord_det.order_id JOIN discount as dis ON dis.id = ord.discount_id;('category', 'discount', 'order', 'order_details', 'product', 'subcategory');1.0;6;1.0467493534088135;0.32836008071899414
9c09308f004f472c053cbe134bb53e6412920582e47c36856d03196ef5da337a;SELECT count(*) FROM order_details as ord_det JOIN product as prod ON prod.id = ord_det.product_id JOIN subcategory as sub ON sub.id = prod.subcategory_id JOIN [order] as ord ON ord.id = ord_det.order_id JOIN category as cat ON cat.id = sub.category_id JOIN discount as dis ON dis.id = ord.discount_id;('category', 'discount', 'order', 'order_details', 'product', 'subcategory');1.0;6;0.9845149517059326;0.2965271472930908
8479b07ed4dd0cce774d2ea3f0cbb56b5fdd8024cd8fdfdf833541e5f8449a37;SELECT count(*) FROM order_details as ord_det JOIN product as prod ON prod.id = ord_det.product_id JOIN subcategory as sub ON sub.id = prod.subcategory_id JOIN [order] as ord ON ord.id = ord_det.order_id JOIN discount as dis ON dis.id = ord.discount_id JOIN category as cat ON cat.id = sub.category_id;('category', 'discount', 'order', 'order_details', 'product', 'subcategory');1.0;6;1.140554666519165;0.3124504089355469
17e16b6cd28f249ae562773fc5d43f504f1e2376c68a54e249dfb49f407e822e;SELECT count(*) FROM product as prod JOIN order_details as ord_det ON ord_det.product_id = prod.id JOIN [order] as ord ON ord.id = ord_det.order_id JOIN discount as dis ON dis.id = ord.discount_id JOIN subcategory as sub ON sub.id = prod.subcategory_id JOIN category as cat ON cat.id = sub.category_id;('category', 'discount', 'order', 'order_details', 'product', 'subcategory');1.0;6;1.0942163467407227;0.3280308246612549
82ae8519b883f1fd216e9b384ff6435a29165cd6a0dc8a85e730d48c3a7febea;SELECT count(*) FROM product as prod JOIN order_details as ord_det ON ord_det.product_id = prod.id JOIN [order] as ord ON ord.id = ord_det.order_id JOIN subcategory as sub ON sub.id = prod.subcategory_id JOIN category as cat ON cat.id = sub.category_id JOIN discount as dis ON dis.id = ord.discount_id;('category', 'discount', 'order', 'order_details', 'product', 'subcategory');1.0;6;0.9062130451202393;0.29673337936401367
36ff7c00fb53a2ceb7ad9ee3c2897492f22c4eb35d61b85bfdaa04a4855f4cc7;SELECT count(*) FROM product as prod JOIN order_details as ord_det ON ord_det.product_id = prod.id JOIN [order] as ord ON ord.id = ord_det.order_id JOIN subcategory as sub ON sub.id = prod.subcategory_id JOIN discount as dis ON dis.id = ord.discount_id JOIN category as cat ON cat.id = sub.category_id;('category', 'discount', 'order', 'order_details', 'product', 'subcategory');1.0;6;1.0468649864196777;0.32831335067749023
799a86d225b6f64f866d3d5e8ad9b7c5eaefcb9c29ef7ffd66d68dafb97cdf24;SELECT count(*) FROM product as prod JOIN order_details as ord_det ON ord_det.product_id = prod.id JOIN subcategory as sub ON sub.id = prod.subcategory_id JOIN category as cat ON cat.id = sub.category_id JOIN [order] as ord ON ord.id = ord_det.order_id JOIN discount as dis ON dis.id = ord.discount_id;('category', 'discount', 'order', 'order_details', 'product', 'subcategory');1.0;6;0.9375309944152832;0.3436727523803711
90cee178e6687fd70855a5f6f4b808613384f03abb09a59c59319115df48fc35;SELECT count(*) FROM product as prod JOIN order_details as ord_det ON ord_det.product_id = prod.id JOIN subcategory as sub ON sub.id = prod.subcategory_id JOIN [order] as ord ON ord.id = ord_det.order_id JOIN category as cat ON cat.id = sub.category_id JOIN discount as dis ON dis.id = ord.discount_id;('category', 'discount', 'order', 'order_details', 'product', 'subcategory');1.0;6;0.9059045314788818;0.3125779628753662
b6b8499ed47a415e7f8c8116e83458eae9605e616ca75974d0c38230b2a93e16;SELECT count(*) FROM product as prod JOIN order_details as ord_det ON ord_det.product_id = prod.id JOIN subcategory as sub ON sub.id = prod.subcategory_id JOIN [order] as ord ON ord.id = ord_det.order_id JOIN discount as dis ON dis.id = ord.discount_id JOIN category as cat ON cat.id = sub.category_id;('category', 'discount', 'order', 'order_details', 'product', 'subcategory');1.0;6;1.0313169956207275;0.29708313941955566
46976ddbd06b94e4eee68a56f822d8a7b20e135dc0d1889de1e8c80661260d8d;SELECT count(*) FROM product as prod JOIN subcategory as sub ON sub.id = prod.subcategory_id JOIN category as cat ON cat.id = sub.category_id JOIN order_details as ord_det ON ord_det.product_id = prod.id JOIN [order] as ord ON ord.id = ord_det.order_id JOIN discount as dis ON dis.id = ord.discount_id;('category', 'discount', 'order', 'order_details', 'product', 'subcategory');1.0;6;0.562638521194458;0.31227922439575195
6b7573b513c9b08c82938751cd5b68d55866338af921eab5db1c0b8c861447ee;SELECT count(*) FROM product as prod JOIN subcategory as sub ON sub.id = prod.subcategory_id JOIN order_details as ord_det ON ord_det.product_id = prod.id JOIN category as cat ON cat.id = sub.category_id JOIN [order] as ord ON ord.id = ord_det.order_id JOIN discount as dis ON dis.id = ord.discount_id;('category', 'discount', 'order', 'order_details', 'product', 'subcategory');1.0;6;0.7187628746032715;0.312532901763916
bf4ac0776cb0f1ed323d25b977f4c32b20d2fc2d852d94ce82bd999da7c8a6d4;SELECT count(*) FROM product as prod JOIN subcategory as sub ON sub.id = prod.subcategory_id JOIN order_details as ord_det ON ord_det.product_id = prod.id JOIN [order] as ord ON ord.id = ord_det.order_id JOIN category as cat ON cat.id = sub.category_id JOIN discount as dis ON dis.id = ord.discount_id;('category', 'discount', 'order', 'order_details', 'product', 'subcategory');1.0;6;0.7499208450317383;0.3123452663421631
8341c01b21bde73f12bb82c4a7664e0eed794f97b55417ece3ca735cf11f7c03;SELECT count(*) FROM product as prod JOIN subcategory as sub ON sub.id = prod.subcategory_id JOIN order_details as ord_det ON ord_det.product_id = prod.id JOIN [order] as ord ON ord.id = ord_det.order_id JOIN discount as dis ON dis.id = ord.discount_id JOIN category as cat ON cat.id = sub.category_id;('category', 'discount', 'order', 'order_details', 'product', 'subcategory');1.0;6;0.922252893447876;0.3280515670776367
bd89b324cec444ee965dbd970e7c37a83faf83ef8fc7a4f050a9220b8211574e;SELECT count(*) FROM subcategory as sub JOIN category as cat ON cat.id = sub.category_id JOIN product as prod ON prod.subcategory_id = sub.id JOIN order_details as ord_det ON ord_det.product_id = prod.id JOIN [order] as ord ON ord.id = ord_det.order_id JOIN discount as dis ON dis.id = ord.discount_id;('category', 'discount', 'order', 'order_details', 'product', 'subcategory');1.0;6;0.5780341625213623;0.32790160179138184
1183a7797159590247678a16d34dd911a2f539e4ef626975265b6bc8b632b38c;SELECT count(*) FROM subcategory as sub JOIN product as prod ON prod.subcategory_id = sub.id JOIN category as cat ON cat.id = sub.category_id JOIN order_details as ord_det ON ord_det.product_id = prod.id JOIN [order] as ord ON ord.id = ord_det.order_id JOIN discount as dis ON dis.id = ord.discount_id;('category', 'discount', 'order', 'order_details', 'product', 'subcategory');1.0;6;0.5315399169921875;0.31221580505371094
0961a05398fa4540720a6c271a42f7335617584a1754f4f04809b3e0f4fb47dc;SELECT count(*) FROM subcategory as sub JOIN product as prod ON prod.subcategory_id = sub.id JOIN order_details as ord_det ON ord_det.product_id = prod.id JOIN category as cat ON cat.id = sub.category_id JOIN [order] as ord ON ord.id = ord_det.order_id JOIN discount as dis ON dis.id = ord.discount_id;('category', 'discount', 'order', 'order_details', 'product', 'subcategory');1.0;6;0.7347793579101562;0.3276865482330322
e7142114033ca38ff30b4b89d5f68143ae81c81acc7105e749fe93e6b2fb7267;SELECT count(*) FROM subcategory as sub JOIN product as prod ON prod.subcategory_id = sub.id JOIN order_details as ord_det ON ord_det.product_id = prod.id JOIN [order] as ord ON ord.id = ord_det.order_id JOIN category as cat ON cat.id = sub.category_id JOIN discount as dis ON dis.id = ord.discount_id;('category', 'discount', 'order', 'order_details', 'product', 'subcategory');1.0;6;0.765972375869751;0.29680943489074707
3f276ccd11655af543f7ee1bb33dda45a6316f5e465e5f07acbbe373558647d3;SELECT count(*) FROM subcategory as sub JOIN product as prod ON prod.subcategory_id = sub.id JOIN order_details as ord_det ON ord_det.product_id = prod.id JOIN [order] as ord ON ord.id = ord_det.order_id JOIN discount as dis ON dis.id = ord.discount_id JOIN category as cat ON cat.id = sub.category_id;('category', 'discount', 'order', 'order_details', 'product', 'subcategory');1.0;6;0.8746004104614258;0.3124809265136719
82923bd7e0e55ac83ae50aa3cb6b7551a80471b50ffc48851eb20b36067720e7;SELECT count(*) FROM order_details as ord_det JOIN [order] as ord ON ord.id = ord_det.order_id JOIN product as prod ON prod.id = ord_det.product_id JOIN customer as cus ON cus.id = ord.customer_id JOIN discount as dis ON dis.id = ord.discount_id JOIN deliverer as del ON del.id = ord.deliverer_id JOIN subcategory as sub ON sub.id = prod.subcategory_id;('customer', 'deliverer', 'discount', 'order', 'order_details', 'product', 'subcategory');0.32051282051282054;7;1.76531982421875;0.6096141338348389
97149688189d653ad2f5cd09e23f67e7bceec4ecd9116921dafe8471cb376a88;SELECT count(*) FROM product as prod JOIN order_details as ord_det ON ord_det.product_id = prod.id JOIN subcategory as sub ON sub.id = prod.subcategory_id JOIN [order] as ord ON ord.id = ord_det.order_id JOIN customer as cus ON cus.id = ord.customer_id JOIN discount as dis ON dis.id = ord.discount_id JOIN deliverer as del ON del.id = ord.deliverer_id;('customer', 'deliverer', 'discount', 'order', 'order_details', 'product', 'subcategory');0.32051282051282054;7;1.2656075954437256;0.5468192100524902
0d562d8c6e26220641ca5f3ca53b76695cb3135917a8715182419104c90d0dd8;SELECT count(*) FROM [order] as ord JOIN customer as cus ON cus.id = ord.customer_id JOIN discount as dis ON dis.id = ord.discount_id JOIN order_details as ord_det ON ord_det.order_id = ord.id JOIN product as prod ON prod.id = ord_det.product_id JOIN subcategory as sub ON sub.id = prod.subcategory_id JOIN deliverer as del ON del.id = ord.deliverer_id;('customer', 'deliverer', 'discount', 'order', 'order_details', 'product', 'subcategory');0.32051282051282054;7;1.0312213897705078;0.546882152557373
ced52b96dca12e3ca72a59d1d628275759afbd4f5a5527f2e438b623abd94e1f;SELECT count(*) FROM [order] as ord JOIN order_details as ord_det ON ord_det.order_id = ord.id JOIN customer as cus ON cus.id = ord.customer_id JOIN product as prod ON prod.id = ord_det.product_id JOIN subcategory as sub ON sub.id = prod.subcategory_id JOIN discount as dis ON dis.id = ord.discount_id JOIN deliverer as del ON del.id = ord.deliverer_id;('customer', 'deliverer', 'discount', 'order', 'order_details', 'product', 'subcategory');0.32051282051282054;7;1.3440163135528564;0.5623900890350342
e3974b752d3596427ddb5e94efa6942dfff8f647c711dcd57711d8885269f9dc;SELECT count(*) FROM [order] as ord JOIN deliverer as del ON del.id = ord.deliverer_id JOIN discount as dis ON dis.id = ord.discount_id JOIN order_details as ord_det ON ord_det.order_id = ord.id JOIN customer as cus ON cus.id = ord.customer_id JOIN product as prod ON prod.id = ord_det.product_id JOIN subcategory as sub ON sub.id = prod.subcategory_id;('customer', 'deliverer', 'discount', 'order', 'order_details', 'product', 'subcategory');0.32051282051282054;7;1.0777606964111328;0.5470237731933594
e9a67d7cdcafa47f00f51c5e7338ef4a0d978bde983ab5cd7dfaf23a64ef82cc;SELECT count(*) FROM [order] as ord JOIN order_details as ord_det ON ord_det.order_id = ord.id JOIN deliverer as del ON del.id = ord.deliverer_id JOIN product as prod ON prod.id = ord_det.product_id JOIN customer as cus ON cus.id = ord.customer_id JOIN subcategory as sub ON sub.id = prod.subcategory_id JOIN discount as dis ON dis.id = ord.discount_id;('customer', 'deliverer', 'discount', 'order', 'order_details', 'product', 'subcategory');0.32051282051282054;7;1.6093006134033203;0.5625009536743164
96b7ab5861bcf549da47b980dbd3a88e3401e7b9e58d1c25b6e558cd260dd3b9;SELECT count(*) FROM order_details as ord_det JOIN [order] as ord ON ord.id = ord_det.order_id JOIN product as prod ON prod.id = ord_det.product_id JOIN discount as dis ON dis.id = ord.discount_id JOIN customer as cus ON cus.id = ord.customer_id JOIN deliverer as del ON del.id = ord.deliverer_id JOIN subcategory as sub ON sub.id = prod.subcategory_id;('customer', 'deliverer', 'discount', 'order', 'order_details', 'product', 'subcategory');0.32051282051282054;7;1.8904438018798828;0.6097383499145508
8dc6d99ce2c0c628396027b8b7a5d7000c26a6be662a224ea1db6642e153c019;SELECT count(*) FROM customer as cus JOIN [order] as ord ON ord.customer_id = cus.id JOIN order_details as ord_det ON ord_det.order_id = ord.id JOIN product as prod ON prod.id = ord_det.product_id JOIN discount as dis ON dis.id = ord.discount_id JOIN deliverer as del ON del.id = ord.deliverer_id JOIN subcategory as sub ON sub.id = prod.subcategory_id;('customer', 'deliverer', 'discount', 'order', 'order_details', 'product', 'subcategory');0.32051282051282054;7;1.4844119548797607;0.6402394771575928
f877310c2347eaf993e8cb78b69624438dee126aa302ed39fbe37c23231eb52a;SELECT count(*) FROM order_details as ord_det JOIN product as prod ON prod.id = ord_det.product_id JOIN [order] as ord ON ord.id = ord_det.order_id JOIN deliverer as del ON del.id = ord.deliverer_id JOIN discount as dis ON dis.id = ord.discount_id JOIN subcategory as sub ON sub.id = prod.subcategory_id JOIN customer as cus ON cus.id = ord.customer_id;('customer', 'deliverer', 'discount', 'order', 'order_details', 'product', 'subcategory');0.32051282051282054;7;1.8752245903015137;0.59401535987854
07a8996da938ab371bbba4fb17f7c008bcbdf3715bfc27a0d9861cb31516a3b2;SELECT count(*) FROM discount as dis JOIN [order] as ord ON ord.discount_id = dis.id JOIN order_details as ord_det ON ord_det.order_id = ord.id JOIN product as prod ON prod.id = ord_det.product_id JOIN deliverer as del ON del.id = ord.deliverer_id JOIN subcategory as sub ON sub.id = prod.subcategory_id JOIN customer as cus ON cus.id = ord.customer_id;('customer', 'deliverer', 'discount', 'order', 'order_details', 'product', 'subcategory');0.32051282051282054;7;1.3747308254241943;0.6250803470611572
1bdd88aef7ec4c6a1fe6b69aeba12e2c43703731d81a84bdb2302ef930136677;SELECT count(*) FROM subcategory as sub JOIN product as prod ON prod.subcategory_id = sub.id JOIN order_details as ord_det ON ord_det.product_id = prod.id JOIN [order] as ord ON ord.id = ord_det.order_id JOIN deliverer as del ON del.id = ord.deliverer_id JOIN customer as cus ON cus.id = ord.customer_id JOIN discount as dis ON dis.id = ord.discount_id;('customer', 'deliverer', 'discount', 'order', 'order_details', 'product', 'subcategory');0.32051282051282054;7;1.2659509181976318;0.6090540885925293
7c47cbd1379f8f08cb7a1eae7adef629c813b09010c2a682c2fe813f59d0b0c6;SELECT count(*) FROM [order] as ord JOIN order_details as ord_det ON ord_det.order_id = ord.id JOIN deliverer as del ON del.id = ord.deliverer_id JOIN discount as dis ON dis.id = ord.discount_id JOIN product as prod ON prod.id = ord_det.product_id JOIN customer as cus ON cus.id = ord.customer_id JOIN subcategory as sub ON sub.id = prod.subcategory_id;('customer', 'deliverer', 'discount', 'order', 'order_details', 'product', 'subcategory');0.32051282051282054;7;1.890408992767334;0.5937645435333252
0d562d8c6e26220641ca5f3ca53b76695cb3135917a8715182419104c90d0dd8;SELECT count(*) FROM [order] as ord JOIN customer as cus ON cus.id = ord.customer_id JOIN discount as dis ON dis.id = ord.discount_id JOIN order_details as ord_det ON ord_det.order_id = ord.id JOIN product as prod ON prod.id = ord_det.product_id JOIN subcategory as sub ON sub.id = prod.subcategory_id JOIN deliverer as del ON del.id = ord.deliverer_id;('customer', 'deliverer', 'discount', 'order', 'order_details', 'product', 'subcategory');0.32051282051282054;7;1.0629446506500244;0.4217522144317627
11fb8d062b8129024e096d12b369d8b951357b9fe566bcfabf5e4615074cf768;SELECT count(*) FROM [order] as ord JOIN order_details as ord_det ON ord_det.order_id = ord.id JOIN product as prod ON prod.id = ord_det.product_id JOIN deliverer as del ON del.id = ord.deliverer_id JOIN subcategory as sub ON sub.id = prod.subcategory_id JOIN customer as cus ON cus.id = ord.customer_id JOIN discount as dis ON dis.id = ord.discount_id;('customer', 'deliverer', 'discount', 'order', 'order_details', 'product', 'subcategory');0.32051282051282054;7;1.6092860698699951;0.6090941429138184
17fd1f5951b0c773d04e794b87a7ebbe344df30d4f5133ddb5ce6edb5e29cd19;SELECT count(*) FROM order_details as ord_det JOIN [order] as ord ON ord.id = ord_det.order_id JOIN discount as dis ON dis.id = ord.discount_id JOIN product as prod ON prod.id = ord_det.product_id JOIN subcategory as sub ON sub.id = prod.subcategory_id JOIN customer as cus ON cus.id = ord.customer_id JOIN deliverer as del ON del.id = ord.deliverer_id;('customer', 'deliverer', 'discount', 'order', 'order_details', 'product', 'subcategory');0.32051282051282054;7;1.7349224090576172;0.608851432800293
0aef1e47b3c042dcb504dc03fc9770491cef240530401307def0666be99aa39c;SELECT count(*) FROM order_details as ord_det JOIN product as prod ON prod.id = ord_det.product_id JOIN [order] as ord ON ord.id = ord_det.order_id JOIN discount as dis ON dis.id = ord.discount_id JOIN deliverer as del ON del.id = ord.deliverer_id JOIN subcategory as sub ON sub.id = prod.subcategory_id JOIN customer as cus ON cus.id = ord.customer_id;('customer', 'deliverer', 'discount', 'order', 'order_details', 'product', 'subcategory');0.32051282051282054;7;1.718818187713623;0.5625824928283691
961fea752fc60d5e731c2b81295c77e61267f35dae0032ae27f730d3798085fc;SELECT count(*) FROM discount as dis JOIN [order] as ord ON ord.discount_id = dis.id JOIN deliverer as del ON del.id = ord.deliverer_id JOIN customer as cus ON cus.id = ord.customer_id JOIN order_details as ord_det ON ord_det.order_id = ord.id JOIN product as prod ON prod.id = ord_det.product_id JOIN subcategory as sub ON sub.id = prod.subcategory_id;('customer', 'deliverer', 'discount', 'order', 'order_details', 'product', 'subcategory');0.32051282051282054;7;0.8282370567321777;0.6090199947357178
4a7461fe513974eb22132952cbce107005ddbe683095683a3185fc6a1b69a0ed;SELECT count(*) FROM product as prod JOIN order_details as ord_det ON ord_det.product_id = prod.id JOIN [order] as ord ON ord.id = ord_det.order_id JOIN deliverer as del ON del.id = ord.deliverer_id JOIN subcategory as sub ON sub.id = prod.subcategory_id JOIN discount as dis ON dis.id = ord.discount_id JOIN customer as cus ON cus.id = ord.customer_id;('customer', 'deliverer', 'discount', 'order', 'order_details', 'product', 'subcategory');0.32051282051282054;7;1.7815747261047363;0.593745231628418
5aa4661dcf296605c0f5fdbdced3899b85afa4c346e4a602b2d792ab3a8daf93;SELECT count(*) FROM customer as cus JOIN [order] as ord ON ord.customer_id = cus.id JOIN deliverer as del ON del.id = ord.deliverer_id JOIN order_details as ord_det ON ord_det.order_id = ord.id JOIN product as prod ON prod.id = ord_det.product_id JOIN subcategory as sub ON sub.id = prod.subcategory_id JOIN discount as dis ON dis.id = ord.discount_id;('customer', 'deliverer', 'discount', 'order', 'order_details', 'product', 'subcategory');0.32051282051282054;7;0.968510627746582;0.5470352172851562
8d75f510e308fa43cfd81cdb97bbca878a18bce682ff1eb769a0f1e2dca7ad52;SELECT count(*) FROM order_details as ord_det JOIN [order] as ord ON ord.id = ord_det.order_id JOIN product as prod ON prod.id = ord_det.product_id JOIN subcategory as sub ON sub.id = prod.subcategory_id JOIN deliverer as del ON del.id = ord.deliverer_id JOIN discount as dis ON dis.id = ord.discount_id JOIN customer as cus ON cus.id = ord.customer_id;('customer', 'deliverer', 'discount', 'order', 'order_details', 'product', 'subcategory');0.32051282051282054;7;1.6716361045837402;0.5471434593200684
08689b5e9f4d61c6a1baa4754d4aa1c2231c74e74fbcb2131b9aac47b9ff713b;SELECT count(*) FROM order_details as ord_det JOIN [order] as ord ON ord.id = ord_det.order_id JOIN discount as dis ON dis.id = ord.discount_id JOIN customer as cus ON cus.id = ord.customer_id JOIN product as prod ON prod.id = ord_det.product_id JOIN deliverer as del ON del.id = ord.deliverer_id JOIN subcategory as sub ON sub.id = prod.subcategory_id;('customer', 'deliverer', 'discount', 'order', 'order_details', 'product', 'subcategory');0.32051282051282054;7;1.7031502723693848;0.6095118522644043
f5f0808ad0edaf70cea6aca1f23afb00443b17e9b07316b9b9735553e76e1b56;SELECT count(*) FROM [order] as ord JOIN deliverer as del ON del.id = ord.deliverer_id JOIN order_details as ord_det ON ord_det.order_id = ord.id JOIN customer as cus ON cus.id = ord.customer_id JOIN discount as dis ON dis.id = ord.discount_id JOIN product as prod ON prod.id = ord_det.product_id JOIN subcategory as sub ON sub.id = prod.subcategory_id;('customer', 'deliverer', 'discount', 'order', 'order_details', 'product', 'subcategory');0.32051282051282054;7;1.4839487075805664;0.6097698211669922
afa6319801cd7de4e2bdeb4c4b7741fba1d36daffc2feb6c89c4e744678b366e;SELECT count(*) FROM [order] as ord JOIN order_details as ord_det ON ord_det.order_id = ord.id JOIN discount as dis ON dis.id = ord.discount_id JOIN deliverer as del ON del.id = ord.deliverer_id JOIN customer as cus ON cus.id = ord.customer_id JOIN product as prod ON prod.id = ord_det.product_id JOIN subcategory as sub ON sub.id = prod.subcategory_id;('customer', 'deliverer', 'discount', 'order', 'order_details', 'product', 'subcategory');0.32051282051282054;7;1.8435554504394531;0.6403400897979736
47daacb12a6ac6f781a952884d1d4b2c707f63d42ebc42701ca20b81738d82ff;SELECT count(*) FROM order_details as ord_det JOIN [order] as ord ON ord.id = ord_det.order_id JOIN product as prod ON prod.id = ord_det.product_id JOIN subcategory as sub ON sub.id = prod.subcategory_id JOIN customer as cus ON cus.id = ord.customer_id JOIN discount as dis ON dis.id = ord.discount_id JOIN deliverer as del ON del.id = ord.deliverer_id;('customer', 'deliverer', 'discount', 'order', 'order_details', 'product', 'subcategory');0.32051282051282054;7;1.4844226837158203;0.5625994205474854
f67e9c2db5ba2b9f3df64f4aeb47a69d0004f6320e56120d33e75e7b1e4ef593;SELECT count(*) FROM order_details as ord_det JOIN [order] as ord ON ord.id = ord_det.order_id JOIN product as prod ON prod.id = ord_det.product_id JOIN subcategory as sub ON sub.id = prod.subcategory_id JOIN deliverer as del ON del.id = ord.deliverer_id JOIN customer as cus ON cus.id = ord.customer_id JOIN discount as dis ON dis.id = ord.discount_id;('customer', 'deliverer', 'discount', 'order', 'order_details', 'product', 'subcategory');0.32051282051282054;7;1.6409542560577393;0.562248706817627
2579f8b3b086855ef5e0893432f7dc91f92b5a967f25c32fda56f4a871d1920b;SELECT count(*) FROM order_details as ord_det JOIN [order] as ord ON ord.id = ord_det.order_id JOIN discount as dis ON dis.id = ord.discount_id JOIN customer as cus ON cus.id = ord.customer_id JOIN product as prod ON prod.id = ord_det.product_id JOIN subcategory as sub ON sub.id = prod.subcategory_id JOIN deliverer as del ON del.id = ord.deliverer_id;('customer', 'deliverer', 'discount', 'order', 'order_details', 'product', 'subcategory');0.32051282051282054;7;1.5000085830688477;0.5465836524963379
6945b7f06eb486a049826194397e821a8d5b34ff3356f18dc116d828bff72e43;SELECT count(*) FROM customer as cus JOIN [order] as ord ON ord.customer_id = cus.id JOIN order_details as ord_det ON ord_det.order_id = ord.id JOIN deliverer as del ON del.id = ord.deliverer_id JOIN product as prod ON prod.id = ord_det.product_id JOIN subcategory as sub ON sub.id = prod.subcategory_id JOIN discount as dis ON dis.id = ord.discount_id;('customer', 'deliverer', 'discount', 'order', 'order_details', 'product', 'subcategory');0.32051282051282054;7;1.3756053447723389;0.5622680187225342
8aa3a831583946ff999073e2822d58bf5f380ed3e29861151e3ca4c81333fe5f;SELECT count(*) FROM [order] as ord JOIN deliverer as del ON del.id = ord.deliverer_id JOIN order_details as ord_det ON ord_det.order_id = ord.id JOIN product as prod ON prod.id = ord_det.product_id JOIN discount as dis ON dis.id = ord.discount_id JOIN subcategory as sub ON sub.id = prod.subcategory_id JOIN customer as cus ON cus.id = ord.customer_id;('customer', 'deliverer', 'discount', 'order', 'order_details', 'product', 'subcategory');0.32051282051282054;7;1.609339714050293;0.6093297004699707
acc4bff04d2da403a9c3e51fa0e0ae5b38be8dfe8bcf25bf824bd7023bb99890;SELECT count(*) FROM [order] as ord JOIN order_details as ord_det ON ord_det.order_id = ord.id JOIN product as prod ON prod.id = ord_det.product_id JOIN subcategory as sub ON sub.id = prod.subcategory_id JOIN deliverer as del ON del.id = ord.deliverer_id JOIN discount as dis ON dis.id = ord.discount_id JOIN customer as cus ON cus.id = ord.customer_id;('customer', 'deliverer', 'discount', 'order', 'order_details', 'product', 'subcategory');0.32051282051282054;7;1.718705177307129;0.5938150882720947
0174c6a52e09d760e1bd4aa90bae4e43457f7998247ae439545bd958b6a373ee;SELECT count(*) FROM order_details as ord_det JOIN product as prod ON prod.id = ord_det.product_id JOIN [order] as ord ON ord.id = ord_det.order_id JOIN discount as dis ON dis.id = ord.discount_id JOIN deliverer as del ON del.id = ord.deliverer_id JOIN customer as cus ON cus.id = ord.customer_id JOIN subcategory as sub ON sub.id = prod.subcategory_id;('customer', 'deliverer', 'discount', 'order', 'order_details', 'product', 'subcategory');0.32051282051282054;7;1.6405441761016846;0.5470175743103027
dba346998951096664283a2754d6896630613e6a4695c1c1407cc7348e0196c4;SELECT count(*) FROM order_details as ord_det JOIN product as prod ON prod.id = ord_det.product_id JOIN [order] as ord ON ord.id = ord_det.order_id JOIN subcategory as sub ON sub.id = prod.subcategory_id JOIN customer as cus ON cus.id = ord.customer_id JOIN deliverer as del ON del.id = ord.deliverer_id JOIN discount as dis ON dis.id = ord.discount_id;('customer', 'deliverer', 'discount', 'order', 'order_details', 'product', 'subcategory');0.32051282051282054;7;1.3905975818634033;0.5624141693115234
1254f8840ee4b17344f9eff9b23189507260df32a20d84005dd5e08d45d446db;SELECT count(*) FROM customer as cus JOIN [order] as ord ON ord.customer_id = cus.id JOIN deliverer as del ON del.id = ord.deliverer_id JOIN discount as dis ON dis.id = ord.discount_id JOIN order_details as ord_det ON ord_det.order_id = ord.id JOIN product as prod ON prod.id = ord_det.product_id JOIN subcategory as sub ON sub.id = prod.subcategory_id;('customer', 'deliverer', 'discount', 'order', 'order_details', 'product', 'subcategory');0.32051282051282054;7;0.8753190040588379;0.5935142040252686
c5ce64fddeaade5eee006f673e3295f643903580e279de5204ed9a3f361592f7;SELECT count(*) FROM discount as dis JOIN [order] as ord ON ord.discount_id = dis.id JOIN customer as cus ON cus.id = ord.customer_id JOIN order_details as ord_det ON ord_det.order_id = ord.id JOIN deliverer as del ON del.id = ord.deliverer_id JOIN product as prod ON prod.id = ord_det.product_id JOIN subcategory as sub ON sub.id = prod.subcategory_id;('customer', 'deliverer', 'discount', 'order', 'order_details', 'product', 'subcategory');0.32051282051282054;7;1.0468318462371826;0.562314510345459
489c5c602d96c7073751ce0c4f2e4676b3c7aafddfb4973bec0052bedd4203d1;SELECT count(*) FROM [order] as ord JOIN order_details as ord_det ON ord_det.order_id = ord.id JOIN product as prod ON prod.id = ord_det.product_id JOIN subcategory as sub ON sub.id = prod.subcategory_id JOIN deliverer as del ON del.id = ord.deliverer_id JOIN customer as cus ON cus.id = ord.customer_id JOIN discount as dis ON dis.id = ord.discount_id;('customer', 'deliverer', 'discount', 'order', 'order_details', 'product', 'subcategory');0.32051282051282054;7;1.625067949295044;0.6097123622894287
47ec76b9f526bcc81c57f7d9a84b24bc04ebac4a8b6aa88bbefcc76238948959;SELECT count(*) FROM order_details as ord_det JOIN product as prod ON prod.id = ord_det.product_id JOIN [order] as ord ON ord.id = ord_det.order_id JOIN discount as dis ON dis.id = ord.discount_id JOIN subcategory as sub ON sub.id = prod.subcategory_id JOIN customer as cus ON cus.id = ord.customer_id JOIN deliverer as del ON del.id = ord.deliverer_id;('customer', 'deliverer', 'discount', 'order', 'order_details', 'product', 'subcategory');0.32051282051282054;7;1.7030935287475586;0.593618631362915
9f04acebbeb9065419a5b9e447da0971553e3a04ca7c724b9759a74e475c0b52;SELECT count(*) FROM deliverer as del JOIN [order] as ord ON ord.deliverer_id = del.id JOIN order_details as ord_det ON ord_det.order_id = ord.id JOIN discount as dis ON dis.id = ord.discount_id JOIN product as prod ON prod.id = ord_det.product_id JOIN subcategory as sub ON sub.id = prod.subcategory_id JOIN customer as cus ON cus.id = ord.customer_id;('customer', 'deliverer', 'discount', 'order', 'order_details', 'product', 'subcategory');0.32051282051282054;7;1.2185509204864502;0.5626733303070068
2dbcca356aef7ef0b24727539c773de1e44505f283f7d8ea792c57aac4f423d7;SELECT count(*) FROM [order] as ord JOIN discount as dis ON dis.id = ord.discount_id JOIN deliverer as del ON del.id = ord.deliverer_id JOIN order_details as ord_det ON ord_det.order_id = ord.id JOIN product as prod ON prod.id = ord_det.product_id JOIN customer as cus ON cus.id = ord.customer_id JOIN subcategory as sub ON sub.id = prod.subcategory_id;('customer', 'deliverer', 'discount', 'order', 'order_details', 'product', 'subcategory');0.32051282051282054;7;1.093846082687378;0.5777039527893066
2bf19f29393c94eb7f5baa99af5651c575988725a2264570e2b6b8a6d6cd757c;SELECT count(*) FROM order_details as ord_det JOIN [order] as ord ON ord.id = ord_det.order_id JOIN customer as cus ON cus.id = ord.customer_id JOIN product as prod ON prod.id = ord_det.product_id JOIN discount as dis ON dis.id = ord.discount_id JOIN deliverer as del ON del.id = ord.deliverer_id JOIN subcategory as sub ON sub.id = prod.subcategory_id;('customer', 'deliverer', 'discount', 'order', 'order_details', 'product', 'subcategory');0.32051282051282054;7;1.6875934600830078;0.5782959461212158
99eac41e34df347c5340d5e3b0416b143ebd9be57f7c03399b131bb39b78caef;SELECT count(*) FROM discount as dis JOIN [order] as ord ON ord.discount_id = dis.id JOIN order_details as ord_det ON ord_det.order_id = ord.id JOIN deliverer as del ON del.id = ord.deliverer_id JOIN customer as cus ON cus.id = ord.customer_id JOIN product as prod ON prod.id = ord_det.product_id JOIN subcategory as sub ON sub.id = prod.subcategory_id;('customer', 'deliverer', 'discount', 'order', 'order_details', 'product', 'subcategory');0.32051282051282054;7;1.3278284072875977;0.547278881072998
fa0625e14a1d273e13848ea24ea5e93acd71d6e3130ca2788b3a0d33952f3b02;SELECT count(*) FROM product as prod JOIN order_details as ord_det ON ord_det.product_id = prod.id JOIN [order] as ord ON ord.id = ord_det.order_id JOIN subcategory as sub ON sub.id = prod.subcategory_id JOIN discount as dis ON dis.id = ord.discount_id JOIN customer as cus ON cus.id = ord.customer_id JOIN deliverer as del ON del.id = ord.deliverer_id;('customer', 'deliverer', 'discount', 'order', 'order_details', 'product', 'subcategory');0.32051282051282054;7;1.484473705291748;0.6248862743377686
e9fb79486b8bc9b2db765a1ae4c003cf85bc4f1bb80170e84a52467f835e5d8a;SELECT count(*) FROM [order] as ord JOIN customer as cus ON cus.id = ord.customer_id JOIN order_details as ord_det ON ord_det.order_id = ord.id JOIN product as prod ON prod.id = ord_det.product_id JOIN subcategory as sub ON sub.id = prod.subcategory_id JOIN discount as dis ON dis.id = ord.discount_id JOIN deliverer as del ON del.id = ord.deliverer_id;('customer', 'deliverer', 'discount', 'order', 'order_details', 'product', 'subcategory');0.32051282051282054;7;1.2345376014709473;0.5464537143707275
be190f549a8e31e32c51870f31777debfc0099f6ac3d085ee9f4843def673a00;SELECT count(*) FROM [order] as ord JOIN discount as dis ON dis.id = ord.discount_id JOIN order_details as ord_det ON ord_det.order_id = ord.id JOIN product as prod ON prod.id = ord_det.product_id JOIN deliverer as del ON del.id = ord.deliverer_id JOIN customer as cus ON cus.id = ord.customer_id JOIN subcategory as sub ON sub.id = prod.subcategory_id;('customer', 'deliverer', 'discount', 'order', 'order_details', 'product', 'subcategory');0.32051282051282054;7;1.43776535987854;0.5621616840362549
069fa0e59cdf559759ed8d3240e9254e49aa5f0c3c30eb135d9dd5f8f7014ab6;SELECT count(*) FROM product as prod JOIN order_details as ord_det ON ord_det.product_id = prod.id JOIN [order] as ord ON ord.id = ord_det.order_id JOIN subcategory as sub ON sub.id = prod.subcategory_id JOIN deliverer as del ON del.id = ord.deliverer_id JOIN discount as dis ON dis.id = ord.discount_id JOIN customer as cus ON cus.id = ord.customer_id;('customer', 'deliverer', 'discount', 'order', 'order_details', 'product', 'subcategory');0.32051282051282054;7;1.5316359996795654;0.5308773517608643
80604ea39598ebb04fffbdcab528181ce8fdff413421e2a5d65271dcba5aac75;SELECT count(*) FROM order_details as ord_det JOIN product as prod ON prod.id = ord_det.product_id JOIN [order] as ord ON ord.id = ord_det.order_id JOIN customer as cus ON cus.id = ord.customer_id JOIN deliverer as del ON del.id = ord.deliverer_id JOIN discount as dis ON dis.id = ord.discount_id JOIN subcategory as sub ON sub.id = prod.subcategory_id;('customer', 'deliverer', 'discount', 'order', 'order_details', 'product', 'subcategory');0.32051282051282054;7;1.7498948574066162;0.5629274845123291
b1ede7e3df40a6205a6ab01349e02f95be46c039c219486aff009e14eff963b4;SELECT count(*) FROM [order] as ord JOIN customer as cus ON cus.id = ord.customer_id JOIN discount as dis ON dis.id = ord.discount_id JOIN deliverer as del ON del.id = ord.deliverer_id JOIN order_details as ord_det ON ord_det.order_id = ord.id JOIN product as prod ON prod.id = ord_det.product_id JOIN subcategory as sub ON sub.id = prod.subcategory_id;('customer', 'deliverer', 'discount', 'order', 'order_details', 'product', 'subcategory');0.32051282051282054;7;0.9374029636383057;0.5779416561126709
c337580cf6f3098c7641dcd23173112897d2fe09968ea704c979d42fdfd44203;SELECT count(*) FROM order_details as ord_det JOIN [order] as ord ON ord.id = ord_det.order_id JOIN deliverer as del ON del.id = ord.deliverer_id JOIN product as prod ON prod.id = ord_det.product_id JOIN discount as dis ON dis.id = ord.discount_id JOIN customer as cus ON cus.id = ord.customer_id JOIN subcategory as sub ON sub.id = prod.subcategory_id;('customer', 'deliverer', 'discount', 'order', 'order_details', 'product', 'subcategory');0.32051282051282054;7;1.8593940734863281;0.5628373622894287
56e31eb87f360b7f916d3e8da90f9dfa8ee067c8b6de2c28636aeaf1160265ea;SELECT count(*) FROM customer as cus JOIN [order] as ord ON ord.customer_id = cus.id JOIN deliverer as del ON del.id = ord.deliverer_id JOIN order_details as ord_det ON ord_det.order_id = ord.id JOIN product as prod ON prod.id = ord_det.product_id JOIN discount as dis ON dis.id = ord.discount_id JOIN subcategory as sub ON sub.id = prod.subcategory_id;('customer', 'deliverer', 'discount', 'order', 'order_details', 'product', 'subcategory');0.32051282051282054;7;1.202683687210083;0.6253242492675781
064414d5dfbfcaafaa140fb74313a87bd542db771050725cda803a609230ca23;SELECT count(*) FROM subcategory as sub JOIN product as prod ON prod.subcategory_id = sub.id JOIN order_details as ord_det ON ord_det.product_id = prod.id JOIN [order] as ord ON ord.id = ord_det.order_id JOIN discount as dis ON dis.id = ord.discount_id JOIN deliverer as del ON del.id = ord.deliverer_id JOIN customer as cus ON cus.id = ord.customer_id;('customer', 'deliverer', 'discount', 'order', 'order_details', 'product', 'subcategory');0.32051282051282054;7;1.4374992847442627;0.6249723434448242
0fe93245152056a80719621706e478d06981bc154213953168789841f0aeba95;SELECT count(*) FROM order_details as ord_det JOIN [order] as ord ON ord.id = ord_det.order_id JOIN customer as cus ON cus.id = ord.customer_id JOIN product as prod ON prod.id = ord_det.product_id JOIN subcategory as sub ON sub.id = prod.subcategory_id JOIN deliverer as del ON del.id = ord.deliverer_id JOIN discount as dis ON dis.id = ord.discount_id;('customer', 'deliverer', 'discount', 'order', 'order_details', 'product', 'subcategory');0.32051282051282054;7;1.4845044612884521;0.5464558601379395
49fa3255382c90e194add4ab186d86111e5c0ca3c734726837aeaf4d84133618;SELECT count(*) FROM order_details as ord_det JOIN product as prod ON prod.id = ord_det.product_id JOIN [order] as ord ON ord.id = ord_det.order_id JOIN discount as dis ON dis.id = ord.discount_id JOIN customer as cus ON cus.id = ord.customer_id JOIN deliverer as del ON del.id = ord.deliverer_id JOIN subcategory as sub ON sub.id = prod.subcategory_id;('customer', 'deliverer', 'discount', 'order', 'order_details', 'product', 'subcategory');0.32051282051282054;7;1.859365463256836;0.5625095367431641
0e2c801caff06dffc1d75421a0a9a9fbabd0ff4eaa48dd5604ca9c8fc5e4f985;SELECT count(*) FROM [order] as ord JOIN customer as cus ON cus.id = ord.customer_id JOIN order_details as ord_det ON ord_det.order_id = ord.id JOIN deliverer as del ON del.id = ord.deliverer_id JOIN product as prod ON prod.id = ord_det.product_id JOIN subcategory as sub ON sub.id = prod.subcategory_id JOIN discount as dis ON dis.id = ord.discount_id;('customer', 'deliverer', 'discount', 'order', 'order_details', 'product', 'subcategory');0.32051282051282054;7;1.3285229206085205;0.5311529636383057
b32984ae4dd5db04bd7e5d1f6e271971e83ca4cd4091afd04e52119a5159fe3f;SELECT count(*) FROM [order] as ord JOIN order_details as ord_det ON ord_det.order_id = ord.id JOIN product as prod ON prod.id = ord_det.product_id JOIN customer as cus ON cus.id = ord.customer_id JOIN discount as dis ON dis.id = ord.discount_id JOIN subcategory as sub ON sub.id = prod.subcategory_id JOIN deliverer as del ON del.id = ord.deliverer_id;('customer', 'deliverer', 'discount', 'order', 'order_details', 'product', 'subcategory');0.32051282051282054;7;1.6252009868621826;0.6089446544647217
595563c8eaea1c3881476f325529ad50132be379f7cd11ef39ab606b5806cc6e;SELECT count(*) FROM product as prod JOIN subcategory as sub ON sub.id = prod.subcategory_id JOIN order_details as ord_det ON ord_det.product_id = prod.id JOIN [order] as ord ON ord.id = ord_det.order_id JOIN deliverer as del ON del.id = ord.deliverer_id JOIN discount as dis ON dis.id = ord.discount_id JOIN customer as cus ON cus.id = ord.customer_id;('customer', 'deliverer', 'discount', 'order', 'order_details', 'product', 'subcategory');0.32051282051282054;7;1.312439203262329;0.6252124309539795
d6dc610589138c5140df8aea78f17b80fb371ef2555363c9234eeeaac0064301;SELECT count(*) FROM order_details as ord_det JOIN [order] as ord ON ord.id = ord_det.order_id JOIN product as prod ON prod.id = ord_det.product_id JOIN discount as dis ON dis.id = ord.discount_id JOIN deliverer as del ON del.id = ord.deliverer_id JOIN customer as cus ON cus.id = ord.customer_id JOIN subcategory as sub ON sub.id = prod.subcategory_id;('customer', 'deliverer', 'discount', 'order', 'order_details', 'product', 'subcategory');0.32051282051282054;7;1.9998860359191895;0.6093354225158691
2a0771c7fee16e55a80c1fb1d2821bc979e375be96aaf678cfa3f58dd2b2bee2;SELECT count(*) FROM [order] as ord JOIN deliverer as del ON del.id = ord.deliverer_id JOIN customer as cus ON cus.id = ord.customer_id JOIN order_details as ord_det ON ord_det.order_id = ord.id JOIN product as prod ON prod.id = ord_det.product_id JOIN subcategory as sub ON sub.id = prod.subcategory_id JOIN discount as dis ON dis.id = ord.discount_id;('customer', 'deliverer', 'discount', 'order', 'order_details', 'product', 'subcategory');0.32051282051282054;7;1.140394687652588;0.6097240447998047
dba346998951096664283a2754d6896630613e6a4695c1c1407cc7348e0196c4;SELECT count(*) FROM order_details as ord_det JOIN product as prod ON prod.id = ord_det.product_id JOIN [order] as ord ON ord.id = ord_det.order_id JOIN subcategory as sub ON sub.id = prod.subcategory_id JOIN customer as cus ON cus.id = ord.customer_id JOIN deliverer as del ON del.id = ord.deliverer_id JOIN discount as dis ON dis.id = ord.discount_id;('customer', 'deliverer', 'discount', 'order', 'order_details', 'product', 'subcategory');0.32051282051282054;7;1.5312495231628418;0.43727850914001465
f6a721d44545f71e7c322780de0206819c452bb49bfcfb57a66d46d826babf56;SELECT count(*) FROM [order] as ord JOIN order_details as ord_det ON ord_det.order_id = ord.id JOIN customer as cus ON cus.id = ord.customer_id JOIN deliverer as del ON del.id = ord.deliverer_id JOIN product as prod ON prod.id = ord_det.product_id JOIN discount as dis ON dis.id = ord.discount_id JOIN subcategory as sub ON sub.id = prod.subcategory_id;('customer', 'deliverer', 'discount', 'order', 'order_details', 'product', 'subcategory');0.32051282051282054;7;1.7501509189605713;0.5623500347137451
ab8e550b6d954ea333e6b19b1273808e6040d2fe4962b92047d62153e5519c03;SELECT count(*) FROM product as prod JOIN order_details as ord_det ON ord_det.product_id = prod.id JOIN subcategory as sub ON sub.id = prod.subcategory_id JOIN [order] as ord ON ord.id = ord_det.order_id JOIN customer as cus ON cus.id = ord.customer_id JOIN deliverer as del ON del.id = ord.deliverer_id JOIN discount as dis ON dis.id = ord.discount_id;('customer', 'deliverer', 'discount', 'order', 'order_details', 'product', 'subcategory');0.32051282051282054;7;1.187929630279541;0.5935311317443848
54d51e32a80c83a8e8314d21886df32cbd5ab1a92df3c3a461b00d00d28adad3;SELECT count(*) FROM deliverer as del JOIN [order] as ord ON ord.deliverer_id = del.id JOIN customer as cus ON cus.id = ord.customer_id JOIN order_details as ord_det ON ord_det.order_id = ord.id JOIN discount as dis ON dis.id = ord.discount_id JOIN product as prod ON prod.id = ord_det.product_id JOIN subcategory as sub ON sub.id = prod.subcategory_id;('customer', 'deliverer', 'discount', 'order', 'order_details', 'product', 'subcategory');0.32051282051282054;7;1.0000581741333008;0.5779476165771484
29d2d1f8525b13d7f76e9c561d35aaaa554c4d05ec24a60ccc9863f120c281c2;SELECT count(*) FROM [order] as ord JOIN order_details as ord_det ON ord_det.order_id = ord.id JOIN product as prod ON prod.id = ord_det.product_id JOIN discount as dis ON dis.id = ord.discount_id JOIN customer as cus ON cus.id = ord.customer_id JOIN subcategory as sub ON sub.id = prod.subcategory_id JOIN deliverer as del ON del.id = ord.deliverer_id;('customer', 'deliverer', 'discount', 'order', 'order_details', 'product', 'subcategory');0.32051282051282054;7;1.734184741973877;0.6249904632568359
981dda37ff16ceb5ef19d4c324f2b02f1981aaa35c18f2c38b3882b8a2f67210;SELECT count(*) FROM order_details as ord_det JOIN [order] as ord ON ord.id = ord_det.order_id JOIN customer as cus ON cus.id = ord.customer_id JOIN deliverer as del ON del.id = ord.deliverer_id JOIN discount as dis ON dis.id = ord.discount_id JOIN product as prod ON prod.id = ord_det.product_id JOIN subcategory as sub ON sub.id = prod.subcategory_id;('customer', 'deliverer', 'discount', 'order', 'order_details', 'product', 'subcategory');0.32051282051282054;7;1.875122308731079;0.5939686298370361
b69884a10bb9c37a4ba36dd670e5fbab1678d4f70fe31da1a26b56db5d098ed8;SELECT count(*) FROM order_details as ord_det JOIN [order] as ord ON ord.id = ord_det.order_id JOIN discount as dis ON dis.id = ord.discount_id JOIN deliverer as del ON del.id = ord.deliverer_id JOIN product as prod ON prod.id = ord_det.product_id JOIN subcategory as sub ON sub.id = prod.subcategory_id JOIN customer as cus ON cus.id = ord.customer_id;('customer', 'deliverer', 'discount', 'order', 'order_details', 'product', 'subcategory');0.32051282051282054;7;1.921553611755371;0.6406753063201904
7b786f24c272a43ae7d97bdd3ed7efbd5b9b7833ab28d3f8ede6cfbb061d2ac4;SELECT count(*) FROM order_details as ord_det JOIN product as prod ON prod.id = ord_det.product_id JOIN [order] as ord ON ord.id = ord_det.order_id JOIN discount as dis ON dis.id = ord.discount_id JOIN subcategory as sub ON sub.id = prod.subcategory_id JOIN deliverer as del ON del.id = ord.deliverer_id JOIN customer as cus ON cus.id = ord.customer_id;('customer', 'deliverer', 'discount', 'order', 'order_details', 'product', 'subcategory');0.32051282051282054;7;2.0157551765441895;0.6092672348022461
4cdb0a6dfdfc3e974e7a9bbf7b9df9749d9d75e0c400c81f2bb5b675b2045ed5;SELECT count(*) FROM [order] as ord JOIN order_details as ord_det ON ord_det.order_id = ord.id JOIN customer as cus ON cus.id = ord.customer_id JOIN deliverer as del ON del.id = ord.deliverer_id JOIN product as prod ON prod.id = ord_det.product_id JOIN subcategory as sub ON sub.id = prod.subcategory_id JOIN discount as dis ON dis.id = ord.discount_id;('customer', 'deliverer', 'discount', 'order', 'order_details', 'product', 'subcategory');0.32051282051282054;7;1.6406621932983398;0.6563429832458496
b69884a10bb9c37a4ba36dd670e5fbab1678d4f70fe31da1a26b56db5d098ed8;SELECT count(*) FROM order_details as ord_det JOIN [order] as ord ON ord.id = ord_det.order_id JOIN discount as dis ON dis.id = ord.discount_id JOIN deliverer as del ON del.id = ord.deliverer_id JOIN product as prod ON prod.id = ord_det.product_id JOIN subcategory as sub ON sub.id = prod.subcategory_id JOIN customer as cus ON cus.id = ord.customer_id;('customer', 'deliverer', 'discount', 'order', 'order_details', 'product', 'subcategory');0.32051282051282054;7;1.9686121940612793;0.4219651222229004
e3aaf76878f44ff66f2af694091f5192fe98a6be12490ae12c7f020a0845d5fa;SELECT count(*) FROM discount as dis JOIN [order] as ord ON ord.discount_id = dis.id JOIN order_details as ord_det ON ord_det.order_id = ord.id JOIN customer as cus ON cus.id = ord.customer_id JOIN deliverer as del ON del.id = ord.deliverer_id JOIN product as prod ON prod.id = ord_det.product_id JOIN subcategory as sub ON sub.id = prod.subcategory_id;('customer', 'deliverer', 'discount', 'order', 'order_details', 'product', 'subcategory');0.32051282051282054;7;1.2032454013824463;0.5779495239257812
49fa3255382c90e194add4ab186d86111e5c0ca3c734726837aeaf4d84133618;SELECT count(*) FROM order_details as ord_det JOIN product as prod ON prod.id = ord_det.product_id JOIN [order] as ord ON ord.id = ord_det.order_id JOIN discount as dis ON dis.id = ord.discount_id JOIN customer as cus ON cus.id = ord.customer_id JOIN deliverer as del ON del.id = ord.deliverer_id JOIN subcategory as sub ON sub.id = prod.subcategory_id;('customer', 'deliverer', 'discount', 'order', 'order_details', 'product', 'subcategory');0.32051282051282054;7;1.7030560970306396;0.4066779613494873
dfad643b2b7e654ff0b5971f38e85c860d41b4a180437745410b486ba4e21ee5;SELECT count(*) FROM order_details as ord_det JOIN product as prod ON prod.id = ord_det.product_id JOIN subcategory as sub ON sub.id = prod.subcategory_id JOIN [order] as ord ON ord.id = ord_det.order_id JOIN customer as cus ON cus.id = ord.customer_id JOIN deliverer as del ON del.id = ord.deliverer_id JOIN discount as dis ON dis.id = ord.discount_id;('customer', 'deliverer', 'discount', 'order', 'order_details', 'product', 'subcategory');0.32051282051282054;7;1.3748993873596191;0.5624430179595947
ab8aef86276d8919e5f9d6feadc8aea048092af76b2326d0091cf2a5bde8e51e;SELECT count(*) FROM [order] as ord JOIN order_details as ord_det ON ord_det.order_id = ord.id JOIN product as prod ON prod.id = ord_det.product_id JOIN discount as dis ON dis.id = ord.discount_id JOIN subcategory as sub ON sub.id = prod.subcategory_id JOIN deliverer as del ON del.id = ord.deliverer_id JOIN customer as cus ON cus.id = ord.customer_id;('customer', 'deliverer', 'discount', 'order', 'order_details', 'product', 'subcategory');0.32051282051282054;7;1.7809770107269287;0.5314311981201172
82923bd7e0e55ac83ae50aa3cb6b7551a80471b50ffc48851eb20b36067720e7;SELECT count(*) FROM order_details as ord_det JOIN [order] as ord ON ord.id = ord_det.order_id JOIN product as prod ON prod.id = ord_det.product_id JOIN customer as cus ON cus.id = ord.customer_id JOIN discount as dis ON dis.id = ord.discount_id JOIN deliverer as del ON del.id = ord.deliverer_id JOIN subcategory as sub ON sub.id = prod.subcategory_id;('customer', 'deliverer', 'discount', 'order', 'order_details', 'product', 'subcategory');0.32051282051282054;7;1.7032339572906494;0.39600539207458496
b03fe60534d2099f6a35869ee748567836ec2bc5b9248b92025df42ef020982e;SELECT count(*) FROM order_details as ord_det JOIN [order] as ord ON ord.id = ord_det.order_id JOIN product as prod ON prod.id = ord_det.product_id JOIN customer as cus ON cus.id = ord.customer_id JOIN subcategory as sub ON sub.id = prod.subcategory_id JOIN deliverer as del ON del.id = ord.deliverer_id JOIN discount as dis ON dis.id = ord.discount_id;('customer', 'deliverer', 'discount', 'order', 'order_details', 'product', 'subcategory');0.32051282051282054;7;1.6686437129974365;0.6515603065490723
c011bd2cbc707549f6c1cdce05c735220c4b4bcd2e59dec3445c88d307f620df;SELECT count(*) FROM customer as cus JOIN [order] as ord ON ord.customer_id = cus.id JOIN order_details as ord_det ON ord_det.order_id = ord.id JOIN product as prod ON prod.id = ord_det.product_id JOIN deliverer as del ON del.id = ord.deliverer_id JOIN subcategory as sub ON sub.id = prod.subcategory_id JOIN discount as dis ON dis.id = ord.discount_id;('customer', 'deliverer', 'discount', 'order', 'order_details', 'product', 'subcategory');0.32051282051282054;7;1.3946678638458252;0.6940181255340576
545b41688b03689680a8d9d0f05e093e8109f06a1211803cfb96cb8c040bd8d7;SELECT count(*) FROM [order] as ord JOIN order_details as ord_det ON ord_det.order_id = ord.id JOIN product as prod ON prod.id = ord_det.product_id JOIN deliverer as del ON del.id = ord.deliverer_id JOIN discount as dis ON dis.id = ord.discount_id JOIN customer as cus ON cus.id = ord.customer_id JOIN subcategory as sub ON sub.id = prod.subcategory_id;('customer', 'deliverer', 'discount', 'order', 'order_details', 'product', 'subcategory');0.32051282051282054;7;1.9736390113830566;0.6097855567932129
80604ea39598ebb04fffbdcab528181ce8fdff413421e2a5d65271dcba5aac75;SELECT count(*) FROM order_details as ord_det JOIN product as prod ON prod.id = ord_det.product_id JOIN [order] as ord ON ord.id = ord_det.order_id JOIN customer as cus ON cus.id = ord.customer_id JOIN deliverer as del ON del.id = ord.deliverer_id JOIN discount as dis ON dis.id = ord.discount_id JOIN subcategory as sub ON sub.id = prod.subcategory_id;('customer', 'deliverer', 'discount', 'order', 'order_details', 'product', 'subcategory');0.32051282051282054;7;1.8310678005218506;0.40439724922180176
b698cce5cb825a00671cfa6061c7fe7b6a8efd7698e1f8158adb7999ebd1bdbc;SELECT count(*) FROM order_details as ord_det JOIN [order] as ord ON ord.id = ord_det.order_id JOIN discount as dis ON dis.id = ord.discount_id JOIN product as prod ON prod.id = ord_det.product_id JOIN deliverer as del ON del.id = ord.deliverer_id JOIN customer as cus ON cus.id = ord.customer_id JOIN subcategory as sub ON sub.id = prod.subcategory_id;('customer', 'deliverer', 'discount', 'order', 'order_details', 'product', 'subcategory');0.32051282051282054;7;2.088113307952881;0.6259090900421143
4f6c54a73afa9062a769069b136458f0f85ebadf0f1c0dd42ee6a1527b1e9092;SELECT count(*) FROM subcategory as sub JOIN product as prod ON prod.subcategory_id = sub.id JOIN order_details as ord_det ON ord_det.product_id = prod.id JOIN [order] as ord ON ord.id = ord_det.order_id JOIN deliverer as del ON del.id = ord.deliverer_id JOIN discount as dis ON dis.id = ord.discount_id JOIN customer as cus ON cus.id = ord.customer_id;('customer', 'deliverer', 'discount', 'order', 'order_details', 'product', 'subcategory');0.32051282051282054;7;1.4528887271881104;0.6070451736450195
e9a67d7cdcafa47f00f51c5e7338ef4a0d978bde983ab5cd7dfaf23a64ef82cc;SELECT count(*) FROM [order] as ord JOIN order_details as ord_det ON ord_det.order_id = ord.id JOIN deliverer as del ON del.id = ord.deliverer_id JOIN product as prod ON prod.id = ord_det.product_id JOIN customer as cus ON cus.id = ord.customer_id JOIN subcategory as sub ON sub.id = prod.subcategory_id JOIN discount as dis ON dis.id = ord.discount_id;('customer', 'deliverer', 'discount', 'order', 'order_details', 'product', 'subcategory');0.32051282051282054;7;1.7785048484802246;0.40363049507141113
0ebc3375b5decf9f531776c7ec80d2ab04cd58fc3374f62673427e2d0bb92d20;SELECT count(*) FROM discount as dis JOIN [order] as ord ON ord.discount_id = dis.id JOIN order_details as ord_det ON ord_det.order_id = ord.id JOIN customer as cus ON cus.id = ord.customer_id JOIN product as prod ON prod.id = ord_det.product_id JOIN subcategory as sub ON sub.id = prod.subcategory_id JOIN deliverer as del ON del.id = ord.deliverer_id;('customer', 'deliverer', 'discount', 'order', 'order_details', 'product', 'subcategory');0.32051282051282054;7;1.071702241897583;0.6180639266967773
71dbc91562c759c12b952e96dc135e8c446e111b2e530c8e8615610638d8b2ab;SELECT count(*) FROM deliverer as del JOIN [order] as ord ON ord.deliverer_id = del.id JOIN order_details as ord_det ON ord_det.order_id = ord.id JOIN product as prod ON prod.id = ord_det.product_id JOIN customer as cus ON cus.id = ord.customer_id JOIN discount as dis ON dis.id = ord.discount_id JOIN subcategory as sub ON sub.id = prod.subcategory_id;('customer', 'deliverer', 'discount', 'order', 'order_details', 'product', 'subcategory');0.32051282051282054;7;1.3212339878082275;0.5941088199615479
5d2558cc0d5a89f5a209d926ba04c49aeedb020725ea0aa2b73c686648c34bf3;SELECT count(*) FROM [order] as ord JOIN deliverer as del ON del.id = ord.deliverer_id JOIN order_details as ord_det ON ord_det.order_id = ord.id JOIN product as prod ON prod.id = ord_det.product_id JOIN discount as dis ON dis.id = ord.discount_id JOIN customer as cus ON cus.id = ord.customer_id JOIN subcategory as sub ON sub.id = prod.subcategory_id;('customer', 'deliverer', 'discount', 'order', 'order_details', 'product', 'subcategory');0.32051282051282054;7;1.6091408729553223;0.6236491203308105
0aef1e47b3c042dcb504dc03fc9770491cef240530401307def0666be99aa39c;SELECT count(*) FROM order_details as ord_det JOIN product as prod ON prod.id = ord_det.product_id JOIN [order] as ord ON ord.id = ord_det.order_id JOIN discount as dis ON dis.id = ord.discount_id JOIN deliverer as del ON del.id = ord.deliverer_id JOIN subcategory as sub ON sub.id = prod.subcategory_id JOIN customer as cus ON cus.id = ord.customer_id;('customer', 'deliverer', 'discount', 'order', 'order_details', 'product', 'subcategory');0.32051282051282054;7;1.9360814094543457;0.4268839359283447
eee5e1a14f80db12232cbadfdf09707424240433221208b43fef7d3c30f58359;SELECT count(*) FROM [order] as ord JOIN order_details as ord_det ON ord_det.order_id = ord.id JOIN deliverer as del ON del.id = ord.deliverer_id JOIN product as prod ON prod.id = ord_det.product_id JOIN customer as cus ON cus.id = ord.customer_id JOIN discount as dis ON dis.id = ord.discount_id JOIN subcategory as sub ON sub.id = prod.subcategory_id;('customer', 'deliverer', 'discount', 'order', 'order_details', 'product', 'subcategory');0.32051282051282054;7;1.9217841625213623;0.6064159870147705
1d4b0b91db56e66b2de416aca61bd07485f0c3fa82ada1fc8b839e50cd37e5b6;SELECT count(*) FROM [order] as ord JOIN deliverer as del ON del.id = ord.deliverer_id JOIN order_details as ord_det ON ord_det.order_id = ord.id JOIN product as prod ON prod.id = ord_det.product_id JOIN subcategory as sub ON sub.id = prod.subcategory_id JOIN discount as dis ON dis.id = ord.discount_id JOIN customer as cus ON cus.id = ord.customer_id;('customer', 'deliverer', 'discount', 'order', 'order_details', 'product', 'subcategory');0.32051282051282054;7;1.4516894817352295;0.5768067836761475
e3974b752d3596427ddb5e94efa6942dfff8f647c711dcd57711d8885269f9dc;SELECT count(*) FROM [order] as ord JOIN deliverer as del ON del.id = ord.deliverer_id JOIN discount as dis ON dis.id = ord.discount_id JOIN order_details as ord_det ON ord_det.order_id = ord.id JOIN customer as cus ON cus.id = ord.customer_id JOIN product as prod ON prod.id = ord_det.product_id JOIN subcategory as sub ON sub.id = prod.subcategory_id;('customer', 'deliverer', 'discount', 'order', 'order_details', 'product', 'subcategory');0.32051282051282054;7;1.0790472030639648;0.3743562698364258
c9de75a734455af0086fba6e92196a6c0fd7be3d55e6f9f36a70e370abbbd4f0;SELECT count(*) FROM [order] as ord JOIN deliverer as del ON del.id = ord.deliverer_id JOIN customer as cus ON cus.id = ord.customer_id JOIN order_details as ord_det ON ord_det.order_id = ord.id JOIN discount as dis ON dis.id = ord.discount_id JOIN product as prod ON prod.id = ord_det.product_id JOIN subcategory as sub ON sub.id = prod.subcategory_id;('customer', 'deliverer', 'discount', 'order', 'order_details', 'product', 'subcategory');0.32051282051282054;7;1.2557082176208496;0.562312126159668
ffa0a954faaddfd63107e7524b866b638694bc94e948d4ca58f8d5f518f0b3c1;SELECT count(*) FROM order_details as ord_det JOIN product as prod ON prod.id = ord_det.product_id JOIN [order] as ord ON ord.id = ord_det.order_id JOIN subcategory as sub ON sub.id = prod.subcategory_id JOIN discount as dis ON dis.id = ord.discount_id JOIN customer as cus ON cus.id = ord.customer_id JOIN deliverer as del ON del.id = ord.deliverer_id;('customer', 'deliverer', 'discount', 'order', 'order_details', 'product', 'subcategory');0.32051282051282054;7;1.6196374893188477;0.612213134765625
31fc26fcdbbe156aedff101b46a7bf0d09bd2b03662143288e2b2a5d080f9803;SELECT count(*) FROM discount as dis JOIN [order] as ord ON ord.discount_id = dis.id JOIN order_details as ord_det ON ord_det.order_id = ord.id JOIN product as prod ON prod.id = ord_det.product_id JOIN deliverer as del ON del.id = ord.deliverer_id JOIN customer as cus ON cus.id = ord.customer_id JOIN subcategory as sub ON sub.id = prod.subcategory_id;('customer', 'deliverer', 'discount', 'order', 'order_details', 'product', 'subcategory');0.32051282051282054;7;1.4382350444793701;0.6245732307434082
c8144c4ba879d83aea691066ef7a7617581ad9f354f5e1d1833cb11537d8526c;SELECT count(*) FROM order_details as ord_det JOIN [order] as ord ON ord.id = ord_det.order_id JOIN deliverer as del ON del.id = ord.deliverer_id JOIN discount as dis ON dis.id = ord.discount_id JOIN product as prod ON prod.id = ord_det.product_id JOIN subcategory as sub ON sub.id = prod.subcategory_id JOIN customer as cus ON cus.id = ord.customer_id;('customer', 'deliverer', 'discount', 'order', 'order_details', 'product', 'subcategory');0.32051282051282054;7;1.9678630828857422;0.6297702789306641
d7c22b29fecd05f2565cddbda8cdfcbd7fb390411095994d3e22b4a9caf24522;SELECT count(*) FROM order_details as ord_det JOIN product as prod ON prod.id = ord_det.product_id JOIN [order] as ord ON ord.id = ord_det.order_id JOIN customer as cus ON cus.id = ord.customer_id JOIN subcategory as sub ON sub.id = prod.subcategory_id JOIN discount as dis ON dis.id = ord.discount_id JOIN deliverer as del ON del.id = ord.deliverer_id;('customer', 'deliverer', 'discount', 'order', 'order_details', 'product', 'subcategory');0.32051282051282054;7;1.5167951583862305;0.6076703071594238
80604ea39598ebb04fffbdcab528181ce8fdff413421e2a5d65271dcba5aac75;SELECT count(*) FROM order_details as ord_det JOIN product as prod ON prod.id = ord_det.product_id JOIN [order] as ord ON ord.id = ord_det.order_id JOIN customer as cus ON cus.id = ord.customer_id JOIN deliverer as del ON del.id = ord.deliverer_id JOIN discount as dis ON dis.id = ord.discount_id JOIN subcategory as sub ON sub.id = prod.subcategory_id;('customer', 'deliverer', 'discount', 'order', 'order_details', 'product', 'subcategory');0.32051282051282054;7;1.8737080097198486;0.40284252166748047
ffa0a954faaddfd63107e7524b866b638694bc94e948d4ca58f8d5f518f0b3c1;SELECT count(*) FROM order_details as ord_det JOIN product as prod ON prod.id = ord_det.product_id JOIN [order] as ord ON ord.id = ord_det.order_id JOIN subcategory as sub ON sub.id = prod.subcategory_id JOIN discount as dis ON dis.id = ord.discount_id JOIN customer as cus ON cus.id = ord.customer_id JOIN deliverer as del ON del.id = ord.deliverer_id;('customer', 'deliverer', 'discount', 'order', 'order_details', 'product', 'subcategory');0.32051282051282054;7;1.6711907386779785;0.42235589027404785
31fc26fcdbbe156aedff101b46a7bf0d09bd2b03662143288e2b2a5d080f9803;SELECT count(*) FROM discount as dis JOIN [order] as ord ON ord.discount_id = dis.id JOIN order_details as ord_det ON ord_det.order_id = ord.id JOIN product as prod ON prod.id = ord_det.product_id JOIN deliverer as del ON del.id = ord.deliverer_id JOIN customer as cus ON cus.id = ord.customer_id JOIN subcategory as sub ON sub.id = prod.subcategory_id;('customer', 'deliverer', 'discount', 'order', 'order_details', 'product', 'subcategory');0.32051282051282054;7;1.2803175449371338;0.40535593032836914
1906c90aad3c72d7b41d6c7e555d70cd302daff4a875d12923bc06d39013f3e1;SELECT count(*) FROM [order] as ord JOIN order_details as ord_det ON ord_det.order_id = ord.id JOIN customer as cus ON cus.id = ord.customer_id JOIN discount as dis ON dis.id = ord.discount_id JOIN product as prod ON prod.id = ord_det.product_id JOIN deliverer as del ON del.id = ord.deliverer_id JOIN subcategory as sub ON sub.id = prod.subcategory_id;('customer', 'deliverer', 'discount', 'order', 'order_details', 'product', 'subcategory');0.32051282051282054;7;1.8364384174346924;0.624284029006958
08689b5e9f4d61c6a1baa4754d4aa1c2231c74e74fbcb2131b9aac47b9ff713b;SELECT count(*) FROM order_details as ord_det JOIN [order] as ord ON ord.id = ord_det.order_id JOIN discount as dis ON dis.id = ord.discount_id JOIN customer as cus ON cus.id = ord.customer_id JOIN product as prod ON prod.id = ord_det.product_id JOIN deliverer as del ON del.id = ord.deliverer_id JOIN subcategory as sub ON sub.id = prod.subcategory_id;('customer', 'deliverer', 'discount', 'order', 'order_details', 'product', 'subcategory');0.32051282051282054;7;1.697059154510498;0.38622498512268066
b1ede7e3df40a6205a6ab01349e02f95be46c039c219486aff009e14eff963b4;SELECT count(*) FROM [order] as ord JOIN customer as cus ON cus.id = ord.customer_id JOIN discount as dis ON dis.id = ord.discount_id JOIN deliverer as del ON del.id = ord.deliverer_id JOIN order_details as ord_det ON ord_det.order_id = ord.id JOIN product as prod ON prod.id = ord_det.product_id JOIN subcategory as sub ON sub.id = prod.subcategory_id;('customer', 'deliverer', 'discount', 'order', 'order_details', 'product', 'subcategory');0.32051282051282054;7;0.9633173942565918;0.3898277282714844
b124f414ad820c740bf33c5b2f219fe49b54692059c68b32a0a6b8d45c51e107;SELECT count(*) FROM product as prod JOIN subcategory as sub ON sub.id = prod.subcategory_id JOIN order_details as ord_det ON ord_det.product_id = prod.id JOIN [order] as ord ON ord.id = ord_det.order_id JOIN customer as cus ON cus.id = ord.customer_id JOIN discount as dis ON dis.id = ord.discount_id JOIN deliverer as del ON del.id = ord.deliverer_id;('customer', 'deliverer', 'discount', 'order', 'order_details', 'product', 'subcategory');0.32051282051282054;7;1.1266751289367676;0.5688755512237549
0a3a085e1ef4878b4047674a7b26e796e22549c8561a7ce4116d7bafef873f50;SELECT count(*) FROM order_details as ord_det JOIN [order] as ord ON ord.id = ord_det.order_id JOIN product as prod ON prod.id = ord_det.product_id JOIN deliverer as del ON del.id = ord.deliverer_id JOIN discount as dis ON dis.id = ord.discount_id JOIN customer as cus ON cus.id = ord.customer_id JOIN subcategory as sub ON sub.id = prod.subcategory_id;('customer', 'deliverer', 'discount', 'order', 'order_details', 'product', 'subcategory');0.32051282051282054;7;1.9861865043640137;0.6107795238494873
ca37e8719b4e671af96a19ca213389ad8e02299b1403fb075a55b1bc13ce0e92;SELECT count(*) FROM product as prod JOIN order_details as ord_det ON ord_det.product_id = prod.id JOIN [order] as ord ON ord.id = ord_det.order_id JOIN discount as dis ON dis.id = ord.discount_id JOIN customer as cus ON cus.id = ord.customer_id JOIN deliverer as del ON del.id = ord.deliverer_id JOIN subcategory as sub ON sub.id = prod.subcategory_id;('customer', 'deliverer', 'discount', 'order', 'order_details', 'product', 'subcategory');0.32051282051282054;7;1.7800519466400146;0.6189172267913818
6e4d4f42f69088ee9c74b7d466d36cd9f3ac9a22e0c4f8058118967c639c253f;SELECT count(*) FROM [order] as ord JOIN order_details as ord_det ON ord_det.order_id = ord.id JOIN product as prod ON prod.id = ord_det.product_id JOIN deliverer as del ON del.id = ord.deliverer_id JOIN discount as dis ON dis.id = ord.discount_id JOIN subcategory as sub ON sub.id = prod.subcategory_id JOIN customer as cus ON cus.id = ord.customer_id;('customer', 'deliverer', 'discount', 'order', 'order_details', 'product', 'subcategory');0.32051282051282054;7;1.7947871685028076;0.6201996803283691
a48cce8b9a993f2abfbd5d33884b0226ad5608fe12ef42d302c521b795d5549c;SELECT count(*) FROM order_details as ord_det JOIN [order] as ord ON ord.id = ord_det.order_id JOIN product as prod ON prod.id = ord_det.product_id JOIN deliverer as del ON del.id = ord.deliverer_id JOIN subcategory as sub ON sub.id = prod.subcategory_id JOIN discount as dis ON dis.id = ord.discount_id JOIN customer as cus ON cus.id = ord.customer_id;('customer', 'deliverer', 'discount', 'order', 'order_details', 'product', 'subcategory');0.32051282051282054;7;1.9833602905273438;0.6072587966918945
